DROP TABLE IF EXISTS `h2o_feet`;

affected_rows: 0

CREATE TABLE `h2o_feet` (
    `time` timestamp NOT NULL,
    `level_description` string TAG,
    `location` string TAG,
    `water_level` double NOT NULL,
    timestamp KEY (time)) ENGINE = Analytic WITH (
    enable_ttl = 'false'
);

affected_rows: 0

INSERT INTO h2o_feet(time, level_description, location, water_level)
    VALUES
        (1439827200000, "between 6 and 9 feet", "coyote_creek", 8.12),
        (1439827200000, "below 3 feet", "santa_monica", 2.064),
        (1439827560000, "between 6 and 9 feet", "coyote_creek", 8.005),
        (1439827560000, "below 3 feet", "santa_monica", 2.116),
        (1439827620000, "between 6 and 9 feet", "coyote_creek", 7.887),
        (1439827620000, "below 3 feet", "santa_monica", 2.028);

affected_rows: 6

-- SQLNESS ARG protocol=influxql
SELECT * FROM "h2o_feet";

{"rows":[{"level_description":"between 6 and 9 feet","location":"coyote_creek","water_level":8.12},{"level_description":"between 6 and 9 feet","location":"coyote_creek","water_level":8.005},{"level_description":"between 6 and 9 feet","location":"coyote_creek","water_level":7.887},{"level_description":"below 3 feet","location":"santa_monica","water_level":2.064},{"level_description":"below 3 feet","location":"santa_monica","water_level":2.116},{"level_description":"below 3 feet","location":"santa_monica","water_level":2.028}]}

-- SQLNESS ARG protocol=influxql
SELECT "level_description", location, water_level FROM "h2o_feet" where location = 'santa_monica';

{"rows":[{"level_description":"below 3 feet","location":"santa_monica","water_level":2.064},{"level_description":"below 3 feet","location":"santa_monica","water_level":2.116},{"level_description":"below 3 feet","location":"santa_monica","water_level":2.028}]}

DROP TABLE IF EXISTS `h2o_feet`;

affected_rows: 0

