DROP TABLE IF EXISTS `h2o_feet`;

affected_rows: 0

CREATE TABLE `h2o_feet` (
    `time` timestamp NOT NULL,
    `level_description` string TAG,
    `location` string TAG,
    `water_level` double,
    timestamp KEY (time)) ENGINE = Analytic WITH (
    enable_ttl = 'false'
);

affected_rows: 0

INSERT INTO h2o_feet(time, level_description, location, water_level)
    VALUES
        (1439827200000, "between 6 and 9 feet", "coyote_creek", 8.12),
        (1439827200000, "below 3 feet", "santa_monica", 2.064),
        (1439827560000, "between 6 and 9 feet", "coyote_creek", 8.005),
        (1439827560000, "below 3 feet", "santa_monica", 2.116),
        (1439827620000, "between 6 and 9 feet", "coyote_creek", 7.887),
        (1439827620000, "below 3 feet", "santa_monica", 2.028);

affected_rows: 6

-- SQLNESS ARG protocol=influxql
SELECT * FROM "h2o_feet";

{"results":[{"statement_id":0,"series":[{"name":"h2o_feet","columns":["time","level_description","location","tsid","water_level"],"values":[[1439827200000,"below 3 feet","santa_monica",8247797837995683878,2.064],[1439827200000,"between 6 and 9 feet","coyote_creek",4483051411356144610,8.12],[1439827560000,"below 3 feet","santa_monica",8247797837995683878,2.116],[1439827560000,"between 6 and 9 feet","coyote_creek",4483051411356144610,8.005],[1439827620000,"below 3 feet","santa_monica",8247797837995683878,2.028],[1439827620000,"between 6 and 9 feet","coyote_creek",4483051411356144610,7.887]]}]}]}

-- SQLNESS ARG protocol=influxql method=get
SELECT * FROM "h2o_feet";

{"results":[{"statement_id":0,"series":[{"name":"h2o_feet","columns":["time","level_description","location","tsid","water_level"],"values":[[1439827200000,"below 3 feet","santa_monica",8247797837995683878,2.064],[1439827200000,"between 6 and 9 feet","coyote_creek",4483051411356144610,8.12],[1439827560000,"below 3 feet","santa_monica",8247797837995683878,2.116],[1439827560000,"between 6 and 9 feet","coyote_creek",4483051411356144610,8.005],[1439827620000,"below 3 feet","santa_monica",8247797837995683878,2.028],[1439827620000,"between 6 and 9 feet","coyote_creek",4483051411356144610,7.887]]}]}]}

-- SQLNESS ARG protocol=influxql
SELECT "level_description", location, water_level FROM "h2o_feet" where location = 'santa_monica';

{"results":[{"statement_id":0,"series":[{"name":"h2o_feet","columns":["time","level_description","location","water_level"],"values":[[1439827200000,"below 3 feet","santa_monica",2.064],[1439827560000,"below 3 feet","santa_monica",2.116],[1439827620000,"below 3 feet","santa_monica",2.028]]}]}]}

-- SQLNESS ARG protocol=influxql
show measurements;

{"results":[{"statement_id":0,"series":[{"name":"measurements","columns":["name"],"values":[["h2o_feet"]]}]}]}

-- SQLNESS ARG protocol=influxql
SELECT count(water_level) FROM "h2o_feet"
group by location;

{"results":[{"statement_id":0,"series":[{"name":"h2o_feet","columns":["time","location","count"],"values":[[0,"coyote_creek",3],[0,"santa_monica",3]]}]}]}

-- SQLNESS ARG protocol=influxql
SELECT count(water_level) FROM "h2o_feet"
where time < 1439828400000ms
group by location, time(5m);

{"results":[{"statement_id":0,"series":[{"name":"h2o_feet","columns":["time","location","count"],"values":[[1439827200000,"coyote_creek",1],[1439827500000,"coyote_creek",2],[1439827800000,"coyote_creek",null],[1439828100000,"coyote_creek",null],[1439827200000,"santa_monica",1],[1439827500000,"santa_monica",2],[1439827800000,"santa_monica",null],[1439828100000,"santa_monica",null]]}]}]}

-- SQLNESS ARG protocol=influxql
SELECT count(water_level) FROM "h2o_feet"
where time < 1439828400000ms
group by location, time(5m) fill(666);

{"results":[{"statement_id":0,"series":[{"name":"h2o_feet","columns":["time","location","count"],"values":[[1439827200000,"coyote_creek",1],[1439827500000,"coyote_creek",2],[1439827800000,"coyote_creek",666],[1439828100000,"coyote_creek",666],[1439827200000,"santa_monica",1],[1439827500000,"santa_monica",2],[1439827800000,"santa_monica",666],[1439828100000,"santa_monica",666]]}]}]}

DROP TABLE IF EXISTS `h2o_feet`;

affected_rows: 0

