DROP TABLE IF EXISTS `03_dml_insert_mode_table1`;

affected_rows: 0

CREATE TABLE `03_dml_insert_mode_table1` (    `timestamp` timestamp NOT NULL,    `value` double,    timestamp KEY (timestamp)) ENGINE=AnalyticWITH(	 enable_ttl='false',	 update_mode='OVERWRITE');

affected_rows: 0

INSERT INTO `03_dml_insert_mode_table1` (`timestamp`, `value`)    VALUES (1, +10), (2, 0), (3, -30);

affected_rows: 3

SELECT    *FROM    `03_dml_insert_mode_table1`ORDER BY    `value` ASC;

timestamp,tsid,value,
Timestamp(Timestamp(3)),Int64(0),Double(-30.0),
Timestamp(Timestamp(2)),Int64(0),Double(0.0),
Timestamp(Timestamp(1)),Int64(0),Double(10.0),


INSERT INTO `03_dml_insert_mode_table1` (`timestamp`, `value`)    VALUES (1, 100), (2, 200), (3, 300);

affected_rows: 3

SELECT    *FROM    `03_dml_insert_mode_table1`ORDER BY    `value` ASC;

timestamp,tsid,value,
Timestamp(Timestamp(1)),Int64(0),Double(100.0),
Timestamp(Timestamp(2)),Int64(0),Double(200.0),
Timestamp(Timestamp(3)),Int64(0),Double(300.0),


DROP TABLE `03_dml_insert_mode_table1`;

affected_rows: 0

DROP TABLE IF EXISTS `03_dml_insert_mode_table2`;

affected_rows: 0

CREATE TABLE `03_dml_insert_mode_table2` (    `timestamp` timestamp NOT NULL,    `value` double,    timestamp KEY (timestamp)) ENGINE=AnalyticWITH(	 enable_ttl='false',	 update_mode='APPEND');

affected_rows: 0

INSERT INTO `03_dml_insert_mode_table2` (`timestamp`, `value`)    VALUES (1, 10), (2, 20), (3, 30);

affected_rows: 3

SELECT    *FROM    `03_dml_insert_mode_table2`ORDER BY    `value` ASC;

timestamp,tsid,value,
Timestamp(Timestamp(1)),Int64(0),Double(10.0),
Timestamp(Timestamp(2)),Int64(0),Double(20.0),
Timestamp(Timestamp(3)),Int64(0),Double(30.0),


INSERT INTO `03_dml_insert_mode_table2` (`timestamp`, `value`)    VALUES (1, 100), (2, 200), (3, 300);

affected_rows: 3

SELECT    *FROM    `03_dml_insert_mode_table2`ORDER BY    `value` ASC;

timestamp,tsid,value,
Timestamp(Timestamp(1)),Int64(0),Double(10.0),
Timestamp(Timestamp(2)),Int64(0),Double(20.0),
Timestamp(Timestamp(3)),Int64(0),Double(30.0),
Timestamp(Timestamp(1)),Int64(0),Double(100.0),
Timestamp(Timestamp(2)),Int64(0),Double(200.0),
Timestamp(Timestamp(3)),Int64(0),Double(300.0),


DROP TABLE `03_dml_insert_mode_table2`;

affected_rows: 0

DROP TABLE IF EXISTS `03_dml_insert_mode_table3`;

affected_rows: 0

CREATE TABLE `03_dml_insert_mode_table3` (    `timestamp` timestamp NOT NULL,    `value` double,    timestamp KEY (timestamp)) ENGINE=AnalyticWITH(	 enable_ttl='false');

affected_rows: 0

INSERT INTO `03_dml_insert_mode_table3` (`timestamp`, `value`)    VALUES (1, 10), (2, 20), (3, 30);

affected_rows: 3

SELECT    *FROM    `03_dml_insert_mode_table3`ORDER BY    `value` ASC;

timestamp,tsid,value,
Timestamp(Timestamp(1)),Int64(0),Double(10.0),
Timestamp(Timestamp(2)),Int64(0),Double(20.0),
Timestamp(Timestamp(3)),Int64(0),Double(30.0),


INSERT INTO `03_dml_insert_mode_table3` (`timestamp`, `value`)    VALUES (1, 100), (2, 200), (3, 300);

affected_rows: 3

SELECT    *FROM    `03_dml_insert_mode_table3`ORDER BY    `value` ASC;

timestamp,tsid,value,
Timestamp(Timestamp(1)),Int64(0),Double(100.0),
Timestamp(Timestamp(2)),Int64(0),Double(200.0),
Timestamp(Timestamp(3)),Int64(0),Double(300.0),


DROP TABLE `03_dml_insert_mode_table3`;

affected_rows: 0

DROP TABLE IF EXISTS `03_dml_insert_mode_table4`;

affected_rows: 0

CREATE TABLE `03_dml_insert_mode_table4` (    `timestamp` timestamp NOT NULL,    `c1` uint32,    `c2` string default '123',    `c3` uint32 default c1 + 1,    `c4` uint32 default c3 + 1,    `c5` uint32 default c3 + 10,    timestamp KEY (timestamp)) ENGINE=AnalyticWITH(	 enable_ttl='false');

affected_rows: 0

INSERT INTO `03_dml_insert_mode_table4` (`timestamp`, `c1`, `c5`)    VALUES (1, 10, 3), (2, 20, 4), (3, 30, 5);

affected_rows: 3

SELECT    *FROM    `03_dml_insert_mode_table4`ORDER BY    `c1` ASC;

timestamp,tsid,c1,c2,c3,c4,c5,
Timestamp(Timestamp(1)),Int64(0),Int64(10),String(StringBytes(b"123")),Int64(11),Int64(12),Int64(3),
Timestamp(Timestamp(2)),Int64(0),Int64(20),String(StringBytes(b"123")),Int64(21),Int64(22),Int64(4),
Timestamp(Timestamp(3)),Int64(0),Int64(30),String(StringBytes(b"123")),Int64(31),Int64(32),Int64(5),


