CREATE TABLE demo (name string TAG, value double NOT NULL, t timestamp NOT NULL, TIMESTAMP KEY(t)) ENGINE=Analytic with (enable_ttl='false');

affected_rows: 0

INSERT INTO demo(t, name, value) VALUES(1651737067000, 'ceresdb', 100);

affected_rows: 1

SELECT * FROM demo;

t,tsid,name,value,
Timestamp(Timestamp(1651737067000)),Int64(-6317898613073581291),String(StringBytes(b"ceresdb")),Double(100.0),


INSERT INTO demo(t, name, value) VALUES(1651737067001, "ceresdb", 100);

affected_rows: 1

SELECT * FROM demo;

t,tsid,name,value,
Timestamp(Timestamp(1651737067000)),Int64(-6317898613073581291),String(StringBytes(b"ceresdb")),Double(100.0),
Timestamp(Timestamp(1651737067001)),Int64(-6317898613073581291),String(StringBytes(b"ceresdb")),Double(100.0),


CREATE TABLE "DeMo"("nAmE" string TAG, value double NOT NULL, t timestamp NOT NULL, TIMESTAMP KEY(t)) ENGINE=Analytic with (enable_ttl='false');

Failed to execute query, err: Server(ServerError { code: 400, msg: "Failed to parse sql. Caused by: Invalid sql, sql: CREATE TABLE \"DeMo\"(\"nAmE\" string TAG, value double NOT NULL, t timestamp NOT NULL, TIMESTAMP KEY(t)) ENGINE=Analytic with (enable_ttl='false');, err:sql parser error: Expected identifier, found: \"DeMo\"" })

SELECT "name" FROM demo;

Utf8("name"),
String(StringBytes(b"name")),
String(StringBytes(b"name")),


DROP TABLE demo;

affected_rows: 0

