DROP TABLE IF EXISTS `demo`;

affected_rows: 0

CREATE TABLE demo (
    name string TAG,
    value double NOT NULL,
    t timestamp NOT NULL,
    timestamp KEY (t)) ENGINE = Analytic WITH (
    enable_ttl = 'false'
);

affected_rows: 0

INSERT INTO demo (t, name, value)
    VALUES (1651737067000, 'ceresdb', 100);

affected_rows: 1

SELECT * FROM demo;

name,value,t,tsid,
String(StringBytes(b"ceresdb")),Double(100.0),Timestamp(Timestamp(1651737067000)),Int64(102432447525557625),


INSERT INTO demo (t, name, value)
    VALUES (1651737067001, "ceresdb", 100);

affected_rows: 1

SELECT * FROM demo;

name,value,t,tsid,
String(StringBytes(b"ceresdb")),Double(100.0),Timestamp(Timestamp(1651737067000)),Int64(102432447525557625),
String(StringBytes(b"ceresdb")),Double(100.0),Timestamp(Timestamp(1651737067001)),Int64(102432447525557625),


DROP TABLE IF EXISTS `demo`;

affected_rows: 0

CREATE TABLE `DeMo` (
    `nAmE` string TAG,
    value double NOT NULL,
    t timestamp NOT NULL,
    timestamp KEY (t)) ENGINE = Analytic WITH (
    enable_ttl = 'false'
);

affected_rows: 0

SELECT `nAmE` FROM `DeMo`;

affected_rows: 0

DROP TABLE `DeMo`;

affected_rows: 0

