DROP TABLE IF EXISTS `demo`;

affected_rows: 0

CREATE TABLE demo (
    name string TAG,
    value double NOT NULL,
    t timestamp NOT NULL,
    timestamp KEY (t)) ENGINE = Analytic WITH (
    enable_ttl = 'false'
);

affected_rows: 0

INSERT INTO demo (t, name, value)
    VALUES (1651737067000, 'horaedb', 100);

affected_rows: 1

SELECT * FROM demo;

tsid,t,name,value,
UInt64(1023872802579860359),Timestamp(1651737067000),String("horaedb"),Double(100.0),


INSERT INTO demo (t, name, value)
    VALUES (1651737067001, "horaedb", 100);

affected_rows: 1

SELECT * FROM demo;

tsid,t,name,value,
UInt64(1023872802579860359),Timestamp(1651737067000),String("horaedb"),Double(100.0),
UInt64(1023872802579860359),Timestamp(1651737067001),String("horaedb"),Double(100.0),


DROP TABLE IF EXISTS `demo`;

affected_rows: 0

CREATE TABLE `DeMo` (
    `nAmE` string TAG,
    value double NOT NULL,
    t timestamp NOT NULL,
    timestamp KEY (t)) ENGINE = Analytic WITH (
    enable_ttl = 'false'
);

affected_rows: 0

SELECT `nAmE` FROM `DeMo`;

affected_rows: 0

DROP TABLE `DeMo`;

affected_rows: 0

DROP TABLE IF EXISTS `binary_demo`;

affected_rows: 0

CREATE TABLE `binary_demo` (
    `name` string TAG,
    `value` varbinary NOT NULL,
    `t` timestamp NOT NULL,
    timestamp KEY (t)) ENGINE=Analytic WITH (
    enable_ttl = 'false'
);

affected_rows: 0

INSERT INTO binary_demo(t, name, value) VALUES(1667374200022, 'horaedb', x'11');

affected_rows: 1

SELECT * FROM binary_demo WHERE value = x'11';

tsid,t,name,value,
UInt64(1023872802579860359),Timestamp(1667374200022),String("horaedb"),Varbinary([17]),


DROP TABLE `binary_demo`;

affected_rows: 0

