DROP TABLE IF EXISTS `03_dml_insert_mode_table1`;

affected_rows: 0

CREATE TABLE `03_dml_insert_mode_table1` (    `timestamp` timestamp NOT NULL,    `value` double,    timestamp KEY (timestamp)) ENGINE=AnalyticWITH(	 enable_ttl='false',	 update_mode='OVERWRITE');

affected_rows: 0

INSERT INTO `03_dml_insert_mode_table1` (`timestamp`, `value`)    VALUES (1, +10), (2, 0), (3, -30);

affected_rows: 3

SELECT    *FROM    `03_dml_insert_mode_table1`ORDER BY    `value` ASC;

timestamp,tsid,value,
Timestamp(Timestamp(3)),Int64(0),Double(-30.0),
Timestamp(Timestamp(2)),Int64(0),Double(0.0),
Timestamp(Timestamp(1)),Int64(0),Double(10.0),


INSERT INTO `03_dml_insert_mode_table1` (`timestamp`, `value`)    VALUES (1, 100), (2, 200), (3, 300);

affected_rows: 3

SELECT    *FROM    `03_dml_insert_mode_table1`ORDER BY    `value` ASC;

timestamp,tsid,value,
Timestamp(Timestamp(1)),Int64(0),Double(100.0),
Timestamp(Timestamp(2)),Int64(0),Double(200.0),
Timestamp(Timestamp(3)),Int64(0),Double(300.0),


DROP TABLE `03_dml_insert_mode_table1`;

affected_rows: 0

DROP TABLE IF EXISTS `03_dml_insert_mode_table2`;

affected_rows: 0

CREATE TABLE `03_dml_insert_mode_table2` (    `timestamp` timestamp NOT NULL,    `value` double,    timestamp KEY (timestamp)) ENGINE=AnalyticWITH(	 enable_ttl='false',	 update_mode='APPEND');

affected_rows: 0

INSERT INTO `03_dml_insert_mode_table2` (`timestamp`, `value`)    VALUES (1, 10), (2, 20), (3, 30);

affected_rows: 3

SELECT    *FROM    `03_dml_insert_mode_table2`ORDER BY    `value` ASC;

timestamp,tsid,value,
Timestamp(Timestamp(1)),Int64(0),Double(10.0),
Timestamp(Timestamp(2)),Int64(0),Double(20.0),
Timestamp(Timestamp(3)),Int64(0),Double(30.0),


INSERT INTO `03_dml_insert_mode_table2` (`timestamp`, `value`)    VALUES (1, 100), (2, 200), (3, 300);

affected_rows: 3

SELECT    *FROM    `03_dml_insert_mode_table2`ORDER BY    `value` ASC;

timestamp,tsid,value,
Timestamp(Timestamp(1)),Int64(0),Double(10.0),
Timestamp(Timestamp(2)),Int64(0),Double(20.0),
Timestamp(Timestamp(3)),Int64(0),Double(30.0),
Timestamp(Timestamp(1)),Int64(0),Double(100.0),
Timestamp(Timestamp(2)),Int64(0),Double(200.0),
Timestamp(Timestamp(3)),Int64(0),Double(300.0),


DROP TABLE `03_dml_insert_mode_table2`;

affected_rows: 0

DROP TABLE IF EXISTS `03_dml_insert_mode_table3`;

affected_rows: 0

CREATE TABLE `03_dml_insert_mode_table3` (    `timestamp` timestamp NOT NULL,    `value` double,    timestamp KEY (timestamp)) ENGINE=AnalyticWITH(	 enable_ttl='false');

affected_rows: 0

INSERT INTO `03_dml_insert_mode_table3` (`timestamp`, `value`)    VALUES (1, 10), (2, 20), (3, 30);

affected_rows: 3

SELECT    *FROM    `03_dml_insert_mode_table3`ORDER BY    `value` ASC;

timestamp,tsid,value,
Timestamp(Timestamp(1)),Int64(0),Double(10.0),
Timestamp(Timestamp(2)),Int64(0),Double(20.0),
Timestamp(Timestamp(3)),Int64(0),Double(30.0),


INSERT INTO `03_dml_insert_mode_table3` (`timestamp`, `value`)    VALUES (1, 100), (2, 200), (3, 300);

affected_rows: 3

SELECT    *FROM    `03_dml_insert_mode_table3`ORDER BY    `value` ASC;

timestamp,tsid,value,
Timestamp(Timestamp(1)),Int64(0),Double(100.0),
Timestamp(Timestamp(2)),Int64(0),Double(200.0),
Timestamp(Timestamp(3)),Int64(0),Double(300.0),


DROP TABLE `03_dml_insert_mode_table3`;

affected_rows: 0

