DROP TABLE IF EXISTS `05_alter_table_t0`;

affected_rows: 0

CREATE TABLE `05_alter_table_t0`(a int, t timestamp NOT NULL, dic string dictionary, TIMESTAMP KEY(t)) ENGINE = Analytic with (enable_ttl='false');

affected_rows: 0

INSERT INTO TABLE `05_alter_table_t0`(a, t, dic) values(1, 1 , "d1");

affected_rows: 1

SELECT * FROM `05_alter_table_t0`;

tsid,t,a,dic,
UInt64(0),Timestamp(1),Int32(1),String("d1"),


-- doesn't support rename
ALTER TABLE `05_alter_table_t0` RENAME TO `t1`;

Failed to execute query, err: Server(ServerError { code: 500, msg: "Failed to create plan. Caused by: Failed to create plan, err:Unsupported SQL statement sql:ALTER TABLE `05_alter_table_t0` RENAME TO `t1`;" })

ALTER TABLE `05_alter_table_t0` add COLUMN (b string);

affected_rows: 0

DESCRIBE TABLE `05_alter_table_t0`;

name,type,is_primary,is_nullable,is_tag,is_dictionary,
String("tsid"),String("uint64"),Boolean(true),Boolean(false),Boolean(false),Boolean(false),
String("t"),String("timestamp"),Boolean(true),Boolean(false),Boolean(false),Boolean(false),
String("a"),String("int"),Boolean(false),Boolean(true),Boolean(false),Boolean(false),
String("dic"),String("string"),Boolean(false),Boolean(true),Boolean(false),Boolean(true),
String("b"),String("string"),Boolean(false),Boolean(true),Boolean(false),Boolean(false),


INSERT INTO TABLE `05_alter_table_t0`(a, b, t, dic) values (2, '2', 2, "d2");

affected_rows: 1

SELECT * FROM `05_alter_table_t0`;

tsid,t,a,dic,b,
UInt64(0),Timestamp(1),Int32(1),String("d1"),String(""),
UInt64(0),Timestamp(2),Int32(2),String("d2"),String("2"),


-- doesn't support drop column
ALTER TABLE `05_alter_table_t0` DROP COLUMN b;

Failed to execute query, err: Server(ServerError { code: 500, msg: "Failed to create plan. Caused by: Failed to create plan, err:Unsupported SQL statement sql:ALTER TABLE `05_alter_table_t0` DROP COLUMN b;" })

DESCRIBE TABLE `05_alter_table_t0`;

name,type,is_primary,is_nullable,is_tag,is_dictionary,
String("tsid"),String("uint64"),Boolean(true),Boolean(false),Boolean(false),Boolean(false),
String("t"),String("timestamp"),Boolean(true),Boolean(false),Boolean(false),Boolean(false),
String("a"),String("int"),Boolean(false),Boolean(true),Boolean(false),Boolean(false),
String("dic"),String("string"),Boolean(false),Boolean(true),Boolean(false),Boolean(true),
String("b"),String("string"),Boolean(false),Boolean(true),Boolean(false),Boolean(false),


SELECT * FROM `05_alter_table_t0`;

tsid,t,a,dic,b,
UInt64(0),Timestamp(1),Int32(1),String("d1"),String(""),
UInt64(0),Timestamp(2),Int32(2),String("d2"),String("2"),


DROP TABLE `05_alter_table_t0`;

affected_rows: 0

