DROP TABLE IF EXISTS `03_dml_insert_mode_table1`;

affected_rows: 0

CREATE TABLE `03_dml_insert_mode_table1` (
    `timestamp` timestamp NOT NULL,
    `value` double,
    `dic` string dictionary,
    timestamp KEY (timestamp)) ENGINE=Analytic
WITH(
	 enable_ttl='false',
	 update_mode='OVERWRITE'
);

affected_rows: 0

INSERT INTO `03_dml_insert_mode_table1` (`timestamp`, `value`, `dic`)
    VALUES (1, +10, "d1"), (2, 0, "d2"), (3, -30, "d1");

affected_rows: 3

SELECT
    *
FROM
    `03_dml_insert_mode_table1`
ORDER BY
    `value` ASC;

tsid,timestamp,value,dic,
UInt64(0),Timestamp(3),Double(-30.0),String("d1"),
UInt64(0),Timestamp(2),Double(0.0),String("d2"),
UInt64(0),Timestamp(1),Double(10.0),String("d1"),


INSERT INTO `03_dml_insert_mode_table1` (`timestamp`, `value`)
    VALUES (1, 100), (2, 200), (3, 300);

affected_rows: 3

SELECT
    *
FROM
    `03_dml_insert_mode_table1`
ORDER BY
    `value` ASC;

tsid,timestamp,value,dic,
UInt64(0),Timestamp(1),Double(100.0),String(""),
UInt64(0),Timestamp(2),Double(200.0),String(""),
UInt64(0),Timestamp(3),Double(300.0),String(""),


DROP TABLE `03_dml_insert_mode_table1`;

affected_rows: 0

DROP TABLE IF EXISTS `03_dml_insert_mode_table2`;

affected_rows: 0

CREATE TABLE `03_dml_insert_mode_table2` (
    `timestamp` timestamp NOT NULL,
    `value` double,
    `dic` string dictionary,
    timestamp KEY (timestamp)) ENGINE=Analytic
WITH(
	 enable_ttl='false',
	 update_mode='APPEND'
);

affected_rows: 0

INSERT INTO `03_dml_insert_mode_table2` (`timestamp`, `value`, `dic`)
    VALUES (1, 10, "d1"), (2, 20, ""), (3, 30, "d2");

affected_rows: 3

SELECT
    *
FROM
    `03_dml_insert_mode_table2`
ORDER BY
    `value` ASC;

tsid,timestamp,value,dic,
UInt64(0),Timestamp(1),Double(10.0),String("d1"),
UInt64(0),Timestamp(2),Double(20.0),String(""),
UInt64(0),Timestamp(3),Double(30.0),String("d2"),


INSERT INTO `03_dml_insert_mode_table2` (`timestamp`, `value`, `dic`)
    VALUES (1, 100, "d2"), (2, 200, "d1"), (3, 300, "");

affected_rows: 3

SELECT
    *
FROM
    `03_dml_insert_mode_table2`
ORDER BY
    `value` ASC;

tsid,timestamp,value,dic,
UInt64(0),Timestamp(1),Double(10.0),String("d1"),
UInt64(0),Timestamp(2),Double(20.0),String(""),
UInt64(0),Timestamp(3),Double(30.0),String("d2"),
UInt64(0),Timestamp(1),Double(100.0),String("d2"),
UInt64(0),Timestamp(2),Double(200.0),String("d1"),
UInt64(0),Timestamp(3),Double(300.0),String(""),


DROP TABLE `03_dml_insert_mode_table2`;

affected_rows: 0

DROP TABLE IF EXISTS `03_dml_insert_mode_table3`;

affected_rows: 0

CREATE TABLE `03_dml_insert_mode_table3` (
    `timestamp` timestamp NOT NULL,
    `value` double,
    `dic` string dictionary,
    timestamp KEY (timestamp)) ENGINE=Analytic
WITH(
	 enable_ttl='false'
);

affected_rows: 0

INSERT INTO `03_dml_insert_mode_table3` (`timestamp`, `value`, `dic`)
    VALUES (1, 100, "d2"), (2, 200, "d1"), (3, 300, "d1");

affected_rows: 3

SELECT
    *
FROM
    `03_dml_insert_mode_table3`
ORDER BY
    `value` ASC;

tsid,timestamp,value,dic,
UInt64(0),Timestamp(1),Double(100.0),String("d2"),
UInt64(0),Timestamp(2),Double(200.0),String("d1"),
UInt64(0),Timestamp(3),Double(300.0),String("d1"),


INSERT INTO `03_dml_insert_mode_table3` (`timestamp`, `value`)
    VALUES (1, 100, "d5"), (2, 200, "d6"), (3, 300, "d7");

affected_rows: 3

SELECT
    *
FROM
    `03_dml_insert_mode_table3`
ORDER BY
    `value` ASC;

tsid,timestamp,value,dic,
UInt64(0),Timestamp(1),Double(100.0),String(""),
UInt64(0),Timestamp(2),Double(200.0),String(""),
UInt64(0),Timestamp(3),Double(300.0),String(""),


DROP TABLE `03_dml_insert_mode_table3`;

affected_rows: 0

DROP TABLE IF EXISTS `03_dml_insert_mode_table4`;

affected_rows: 0

CREATE TABLE `03_dml_insert_mode_table4` (
    `timestamp` timestamp NOT NULL,
    `c1` uint32,
    `c2` string default '123',
    `c3` uint32 default c1 + 1,
    `c4` uint32 default c3 + 1,
    `c5` uint32 default c3 + 10,
    `c6` string default "default",
    timestamp KEY (timestamp)) ENGINE=Analytic
WITH(
	 enable_ttl='false'
);

affected_rows: 0

INSERT INTO `03_dml_insert_mode_table4` (`timestamp`, `c1`, `c5`)
    VALUES (1, 10, 3), (2, 20, 4), (3, 30, 5);

affected_rows: 3

SELECT
    *
FROM
    `03_dml_insert_mode_table4`
ORDER BY
    `c1` ASC;

tsid,timestamp,c1,c2,c3,c4,c5,c6,
UInt64(0),Timestamp(1),UInt32(10),String("123"),UInt32(11),UInt32(12),UInt32(3),String("default"),
UInt64(0),Timestamp(2),UInt32(20),String("123"),UInt32(21),UInt32(22),UInt32(4),String("default"),
UInt64(0),Timestamp(3),UInt32(30),String("123"),UInt32(31),UInt32(32),UInt32(5),String("default"),


DROP TABLE IF EXISTS `03_dml_insert_mode_table4`;

affected_rows: 0

