DROP TABLE IF EXISTS `03_dml_select_order_table1`;

affected_rows: 0

CREATE TABLE `03_dml_select_order_table1` (
    `timestamp` timestamp NOT NULL,
    `value` int,
    timestamp KEY (timestamp)) ENGINE=Analytic
WITH(
	 enable_ttl='false'
);

affected_rows: 0

INSERT INTO `03_dml_select_order_table1` (`timestamp`, `value`)
VALUES
    (1, 100),
    (2, 1000),
    (3, 200),
    (4, 30000),
    (5, 4400),
    (6, 400);

affected_rows: 6

SELECT
    `timestamp`,
    `value`
FROM
    `03_dml_select_order_table1`
ORDER BY
    `value` ASC;

timestamp,value,
Timestamp(1),Int32(100),
Timestamp(3),Int32(200),
Timestamp(6),Int32(400),
Timestamp(2),Int32(1000),
Timestamp(5),Int32(4400),
Timestamp(4),Int32(30000),


SELECT
    `timestamp`,
    `value`
FROM
    `03_dml_select_order_table1`
ORDER BY
    `value` DESC;

timestamp,value,
Timestamp(4),Int32(30000),
Timestamp(5),Int32(4400),
Timestamp(2),Int32(1000),
Timestamp(6),Int32(400),
Timestamp(3),Int32(200),
Timestamp(1),Int32(100),


DROP TABLE `03_dml_select_order_table1`;

affected_rows: 0

